what,kind,bundleId,bundleVersion,description,time
executed,command,org.eclipse.ui.workbench.texteditor,3.7.0.v20110505-0800,"org.eclipse.ui.edit.text.select.lineStart",1348423166547
executed,command,org.eclipse.ui,3.7.0.I20110602-0100,"org.eclipse.ui.edit.delete",1348423168907
deactivated,workbench,org.eclipse.ui.workbench,3.7.0.I20110519-0100,"",1348423180237
activated,workbench,org.eclipse.ui.workbench,3.7.0.I20110519-0100,"",1348423205618
executed,command,org.eclipse.ui,3.7.0.I20110602-0100,"org.eclipse.ui.edit.cut",1348423207212
executed,command,org.eclipse.ui,3.7.0.I20110602-0100,"org.eclipse.ui.edit.paste",1348423211475
deactivated,workbench,org.eclipse.ui.workbench,3.7.0.I20110519-0100,"",1348423215654
activated,workbench,org.eclipse.ui.workbench,3.7.0.I20110519-0100,"",1348423224454
executed,command,org.eclipse.ui,3.7.0.I20110602-0100,"org.eclipse.ui.edit.delete",1348423229955
deactivated,workbench,org.eclipse.ui.workbench,3.7.0.I20110519-0100,"",1348423238471
activated,workbench,org.eclipse.ui.workbench,3.7.0.I20110519-0100,"",1348423250486
deactivated,workbench,org.eclipse.ui.workbench,3.7.0.I20110519-0100,"",1348423265942
activated,workbench,org.eclipse.ui.workbench,3.7.0.I20110519-0100,"",1348423276464
executed,command,org.eclipse.ui,3.7.0.I20110602-0100,"org.eclipse.ui.edit.selectAll",1348423278972
executed,command,org.eclipse.ui,3.7.0.I20110602-0100,"org.eclipse.ui.edit.selectAll",1348423297978
executed,command,org.eclipse.ui.workbench.texteditor,3.7.0.v20110505-0800,"org.eclipse.ui.edit.text.goto.textStart",1348423335346
executed,command,org.eclipse.ui.workbench.texteditor,3.7.0.v20110505-0800,"org.eclipse.ui.edit.text.goto.lineStart",1348423343042
executed,command,org.eclipse.ui,3.7.0.I20110602-0100,"org.eclipse.ui.edit.delete",1348423345675
executed,command,org.eclipse.ui,3.7.0.I20110602-0100,"org.eclipse.ui.edit.delete",1348423352514
executed,command,org.eclipse.ui,3.7.0.I20110602-0100,"org.eclipse.ui.file.save",1348423360422
deactivated,workbench,org.eclipse.ui.workbench,3.7.0.I20110519-0100,"",1348423364040
activated,workbench,org.eclipse.ui.workbench,3.7.0.I20110519-0100,"",1348423366717
activated,view,org.eclipse.jdt.ui,3.7.1.r371_v20110824-0800,"org.eclipse.jdt.ui.PackageExplorer",1348423370148
activated,editor,com.android.ide.eclipse.adt,16.0.1.v201112150204-238534,"com.android.ide.eclipse.editors.layout.LayoutEditor",1348423373038
deactivated,workbench,org.eclipse.ui.workbench,3.7.0.I20110519-0100,"",1348423373951
activated,workbench,org.eclipse.ui.workbench,3.7.0.I20110519-0100,"",1348423390871
activated,view,org.eclipse.jdt.ui,3.7.1.r371_v20110824-0800,"org.eclipse.jdt.ui.PackageExplorer",1348423395523
opened,editor,org.eclipse.jdt.ui,3.7.1.r371_v20110824-0800,"org.eclipse.jdt.ui.CompilationUnitEditor",1348423395705
activated,editor,org.eclipse.jdt.ui,3.7.1.r371_v20110824-0800,"org.eclipse.jdt.ui.CompilationUnitEditor",1348423395750
started,bundle,org.eclipse.mylyn.java.ui,3.7.1.v20120425-0100,"org.eclipse.mylyn.java.ui",1348423418804
executed,command,org.eclipse.ui,3.7.0.I20110602-0100,"org.eclipse.ui.edit.delete",1348423454964
executed,command,org.eclipse.ui,3.7.0.I20110602-0100,"org.eclipse.ui.edit.delete",1348423458023
executed,command,org.eclipse.ui,3.7.0.I20110602-0100,"org.eclipse.ui.edit.delete",1348423464137
deactivated,workbench,org.eclipse.ui.workbench,3.7.0.I20110519-0100,"",1348423725433
activated,workbench,org.eclipse.ui.workbench,3.7.0.I20110519-0100,"",1348423734873
deactivated,workbench,org.eclipse.ui.workbench,3.7.0.I20110519-0100,"",1348423763354
activated,workbench,org.eclipse.ui.workbench,3.7.0.I20110519-0100,"",1348424034858
activated,view,org.eclipse.jdt.ui,3.7.1.r371_v20110824-0800,"org.eclipse.jdt.ui.PackageExplorer",1348424034882
executed,command,org.eclipse.ui,3.7.0.I20110602-0100,"org.eclipse.ui.file.refresh",1348424036966
activated,editor,com.android.ide.eclipse.adt,16.0.1.v201112150204-238534,"com.android.ide.eclipse.editors.layout.LayoutEditor",1348424051607
deactivated,workbench,org.eclipse.ui.workbench,3.7.0.I20110519-0100,"",1348424058998
activated,workbench,org.eclipse.ui.workbench,3.7.0.I20110519-0100,"",1348424181716
activated,view,org.eclipse.jdt.ui,3.7.1.r371_v20110824-0800,"org.eclipse.jdt.ui.PackageExplorer",1348424195514
started,bundle,org.eclipse.mylyn.context.ui,3.7.1.v20120425-0100,"org.eclipse.mylyn.context.ui",1348424195563
activated,editor,org.eclipse.jdt.ui,3.7.1.r371_v20110824-0800,"org.eclipse.jdt.ui.CompilationUnitEditor",1348424195641
activated,view,org.eclipse.jdt.ui,3.7.1.r371_v20110824-0800,"org.eclipse.jdt.ui.PackageExplorer",1348424199111
opened,editor,org.eclipse.jdt.ui,3.7.1.r371_v20110824-0800,"org.eclipse.jdt.ui.CompilationUnitEditor",1348424202125
activated,editor,org.eclipse.jdt.ui,3.7.1.r371_v20110824-0800,"org.eclipse.jdt.ui.CompilationUnitEditor",1348424202159
deactivated,workbench,org.eclipse.ui.workbench,3.7.0.I20110519-0100,"",1348424211095
activated,workbench,org.eclipse.ui.workbench,3.7.0.I20110519-0100,"",1348424214043
executed,command,org.eclipse.ui.ide,3.7.0.v20110809-1737,"org.eclipse.ui.project.cleanAction",1348424214047
activated,editor,org.eclipse.jdt.ui,3.7.1.r371_v20110824-0800,"org.eclipse.jdt.ui.CompilationUnitEditor",1348424214192
closed,editor,org.eclipse.jdt.ui,3.7.1.r371_v20110824-0800,"org.eclipse.jdt.ui.CompilationUnitEditor",1348424214192
activated,view,org.eclipse.jdt.ui,3.7.1.r371_v20110824-0800,"org.eclipse.jdt.ui.PackageExplorer",1348424218861
opened,editor,org.eclipse.jdt.ui,3.7.1.r371_v20110824-0800,"org.eclipse.jdt.ui.CompilationUnitEditor",1348424220366
activated,editor,org.eclipse.jdt.ui,3.7.1.r371_v20110824-0800,"org.eclipse.jdt.ui.CompilationUnitEditor",1348424220397
activated,editor,org.eclipse.jdt.ui,3.7.1.r371_v20110824-0800,"org.eclipse.jdt.ui.CompilationUnitEditor",1348424224689
activated,editor,org.eclipse.jdt.ui,3.7.1.r371_v20110824-0800,"org.eclipse.jdt.ui.CompilationUnitEditor",1348424247337
deactivated,workbench,org.eclipse.ui.workbench,3.7.0.I20110519-0100,"",1348424266417
activated,workbench,org.eclipse.ui.workbench,3.7.0.I20110519-0100,"",1348424272861
activated,view,org.eclipse.jdt.ui,3.7.1.r371_v20110824-0800,"org.eclipse.jdt.ui.PackageExplorer",1348424299589
activated,editor,com.android.ide.eclipse.adt,16.0.1.v201112150204-238534,"com.android.ide.eclipse.editors.layout.LayoutEditor",1348424302752
deactivated,workbench,org.eclipse.ui.workbench,3.7.0.I20110519-0100,"",1348424306772
executed,command,org.eclipse.ui,3.7.0.I20110602-0100,"org.eclipse.ui.edit.findReplace",1348424306790
activated,workbench,org.eclipse.ui.workbench,3.7.0.I20110519-0100,"",1348424311924
deactivated,workbench,org.eclipse.ui.workbench,3.7.0.I20110519-0100,"",1348424315538
activated,workbench,org.eclipse.ui.workbench,3.7.0.I20110519-0100,"",1348424326386
activated,view,org.eclipse.jdt.ui,3.7.1.r371_v20110824-0800,"org.eclipse.jdt.ui.PackageExplorer",1348424326429
opened,editor,com.android.ide.eclipse.adt,16.0.1.v201112150204-238534,"com.android.ide.eclipse.editors.layout.LayoutEditor",1348424329130
activated,editor,com.android.ide.eclipse.adt,16.0.1.v201112150204-238534,"com.android.ide.eclipse.editors.layout.LayoutEditor",1348424329156
activated,editor,org.eclipse.jdt.ui,3.7.1.r371_v20110824-0800,"org.eclipse.jdt.ui.CompilationUnitEditor",1348424352846
activated,editor,com.android.ide.eclipse.adt,16.0.1.v201112150204-238534,"com.android.ide.eclipse.editors.layout.LayoutEditor",1348424354748
deactivated,workbench,org.eclipse.ui.workbench,3.7.0.I20110519-0100,"",1348424359029
activated,workbench,org.eclipse.ui.workbench,3.7.0.I20110519-0100,"",1348424362265
activated,editor,org.eclipse.jdt.ui,3.7.1.r371_v20110824-0800,"org.eclipse.jdt.ui.CompilationUnitEditor",1348424363613
deactivated,workbench,org.eclipse.ui.workbench,3.7.0.I20110519-0100,"",1348424364935
activated,workbench,org.eclipse.ui.workbench,3.7.0.I20110519-0100,"",1348424368323
activated,editor,com.android.ide.eclipse.adt,16.0.1.v201112150204-238534,"com.android.ide.eclipse.editors.layout.LayoutEditor",1348424368903
deactivated,workbench,org.eclipse.ui.workbench,3.7.0.I20110519-0100,"",1348424377456
activated,workbench,org.eclipse.ui.workbench,3.7.0.I20110519-0100,"",1348424399909
activated,editor,com.android.ide.eclipse.adt,16.0.1.v201112150204-238534,"com.android.ide.eclipse.editors.layout.LayoutEditor",1348424399981
deactivated,workbench,org.eclipse.ui.workbench,3.7.0.I20110519-0100,"",1348424408493
activated,workbench,org.eclipse.ui.workbench,3.7.0.I20110519-0100,"",1348424442779
executed,command,org.eclipse.ui,3.7.0.I20110602-0100,"org.eclipse.ui.edit.delete",1348424464732
executed,command,org.eclipse.ui,3.7.0.I20110602-0100,"org.eclipse.ui.edit.delete",1348424464873
executed,command,org.eclipse.ui,3.7.0.I20110602-0100,"org.eclipse.ui.edit.delete",1348424465312
executed,command,org.eclipse.ui,3.7.0.I20110602-0100,"org.eclipse.ui.edit.delete",1348424465337
executed,command,org.eclipse.ui,3.7.0.I20110602-0100,"org.eclipse.ui.edit.delete",1348424465352
executed,command,org.eclipse.ui,3.7.0.I20110602-0100,"org.eclipse.ui.edit.delete",1348424465375
executed,command,org.eclipse.ui,3.7.0.I20110602-0100,"org.eclipse.ui.edit.delete",1348424465400
executed,command,org.eclipse.ui,3.7.0.I20110602-0100,"org.eclipse.ui.edit.delete",1348424465603
executed,command,org.eclipse.ui,3.7.0.I20110602-0100,"org.eclipse.ui.edit.delete",1348424465771
executed,command,org.eclipse.ui,3.7.0.I20110602-0100,"org.eclipse.ui.edit.delete",1348424465933
executed,command,org.eclipse.ui,3.7.0.I20110602-0100,"org.eclipse.ui.edit.delete",1348424466246
executed,command,org.eclipse.ui.workbench.texteditor,3.7.0.v20110505-0800,"org.eclipse.ui.edit.text.goto.lineEnd",1348424473585
executed,command,org.eclipse.ui.workbench.texteditor,3.7.0.v20110505-0800,"org.eclipse.ui.edit.text.select.lineStart",1348424503490
executed,command,org.eclipse.ui,3.7.0.I20110602-0100,"org.eclipse.ui.edit.delete",1348424505635
executed,command,org.eclipse.ui,3.7.0.I20110602-0100,"org.eclipse.ui.file.save",1348424540946
deactivated,workbench,org.eclipse.ui.workbench,3.7.0.I20110519-0100,"",1348424544728
activated,workbench,org.eclipse.ui.workbench,3.7.0.I20110519-0100,"",1348424554416
deactivated,workbench,org.eclipse.ui.workbench,3.7.0.I20110519-0100,"",1348424556862
activated,workbench,org.eclipse.ui.workbench,3.7.0.I20110519-0100,"",1348424628489
deactivated,workbench,org.eclipse.ui.workbench,3.7.0.I20110519-0100,"",1348424630357
activated,workbench,org.eclipse.ui.workbench,3.7.0.I20110519-0100,"",1348424637009
activated,editor,org.eclipse.jdt.ui,3.7.1.r371_v20110824-0800,"org.eclipse.jdt.ui.CompilationUnitEditor",1348424637904
executed,command,org.eclipse.ui,3.7.0.I20110602-0100,"org.eclipse.ui.file.save",1348424639616
deactivated,workbench,org.eclipse.ui.workbench,3.7.0.I20110519-0100,"",1348424645218
activated,workbench,org.eclipse.ui.workbench,3.7.0.I20110519-0100,"",1348424679065
activated,editor,com.android.ide.eclipse.adt,16.0.1.v201112150204-238534,"com.android.ide.eclipse.editors.layout.LayoutEditor",1348424687206
activated,view,org.eclipse.jdt.ui,3.7.1.r371_v20110824-0800,"org.eclipse.jdt.ui.PackageExplorer",1348424689842
activated,editor,org.eclipse.jdt.ui,3.7.1.r371_v20110824-0800,"org.eclipse.jdt.ui.CompilationUnitEditor",1348424695282
activated,editor,com.android.ide.eclipse.adt,16.0.1.v201112150204-238534,"com.android.ide.eclipse.editors.layout.LayoutEditor",1348424696126
deactivated,workbench,org.eclipse.ui.workbench,3.7.0.I20110519-0100,"",1348424699916
activated,workbench,org.eclipse.ui.workbench,3.7.0.I20110519-0100,"",1348425625917
deactivated,workbench,org.eclipse.ui.workbench,3.7.0.I20110519-0100,"",1348425627342
activated,workbench,org.eclipse.ui.workbench,3.7.0.I20110519-0100,"",1348425710148
activated,editor,org.eclipse.jdt.ui,3.7.1.r371_v20110824-0800,"org.eclipse.jdt.ui.CompilationUnitEditor",1348425712380
deactivated,workbench,org.eclipse.ui.workbench,3.7.0.I20110519-0100,"",1348425821662
activated,workbench,org.eclipse.ui.workbench,3.7.0.I20110519-0100,"",1348425836394
deactivated,workbench,org.eclipse.ui.workbench,3.7.0.I20110519-0100,"",1348425838153
activated,workbench,org.eclipse.ui.workbench,3.7.0.I20110519-0100,"",1348425847522
executed,command,org.eclipse.ui,3.7.0.I20110602-0100,"org.eclipse.ui.file.save",1348425983410
deactivated,workbench,org.eclipse.ui.workbench,3.7.0.I20110519-0100,"",1348425991923
activated,workbench,org.eclipse.ui.workbench,3.7.0.I20110519-0100,"",1348429061724
deactivated,workbench,org.eclipse.ui.workbench,3.7.0.I20110519-0100,"",1348429062996
activated,workbench,org.eclipse.ui.workbench,3.7.0.I20110519-0100,"",1348429069284
closed,editor,com.android.ide.eclipse.adt,16.0.1.v201112150204-238534,"com.android.ide.eclipse.editors.layout.LayoutEditor",1348429100610
closed,editor,org.eclipse.jdt.ui,3.7.1.r371_v20110824-0800,"org.eclipse.jdt.ui.CompilationUnitEditor",1348429102920
activated,editor,com.android.ide.eclipse.adt,16.0.1.v201112150204-238534,"com.android.ide.eclipse.editors.layout.LayoutEditor",1348429105045
activated,editor,org.eclipse.jdt.ui,3.7.1.r371_v20110824-0800,"org.eclipse.jdt.ui.CompilationUnitEditor",1348429110476
executed,command,org.eclipse.ui.workbench.texteditor,3.7.0.v20110505-0800,"org.eclipse.ui.edit.text.goto.lineStart",1348429183253
executed,command,org.eclipse.ui,3.7.0.I20110602-0100,"org.eclipse.ui.file.save",1348429197850
deactivated,workbench,org.eclipse.ui.workbench,3.7.0.I20110519-0100,"",1348429202112
activated,workbench,org.eclipse.ui.workbench,3.7.0.I20110519-0100,"",1348498782378
deactivated,workbench,org.eclipse.ui.workbench,3.7.0.I20110519-0100,"",1348498785804
activated,workbench,org.eclipse.ui.workbench,3.7.0.I20110519-0100,"",1348502403819
deactivated,workbench,org.eclipse.ui.workbench,3.7.0.I20110519-0100,"",1348502446337
activated,workbench,org.eclipse.ui.workbench,3.7.0.I20110519-0100,"",1348503135600
deactivated,workbench,org.eclipse.ui.workbench,3.7.0.I20110519-0100,"",1348503144491
activated,workbench,org.eclipse.ui.workbench,3.7.0.I20110519-0100,"",1348503147363
deactivated,workbench,org.eclipse.ui.workbench,3.7.0.I20110519-0100,"",1348503161727
activated,workbench,org.eclipse.ui.workbench,3.7.0.I20110519-0100,"",1348503293939
deactivated,workbench,org.eclipse.ui.workbench,3.7.0.I20110519-0100,"",1348503295233
activated,workbench,org.eclipse.ui.workbench,3.7.0.I20110519-0100,"",1348503295944
deactivated,workbench,org.eclipse.ui.workbench,3.7.0.I20110519-0100,"",1348503297439
activated,workbench,org.eclipse.ui.workbench,3.7.0.I20110519-0100,"",1348505452499
deactivated,workbench,org.eclipse.ui.workbench,3.7.0.I20110519-0100,"",1348505454038
activated,workbench,org.eclipse.ui.workbench,3.7.0.I20110519-0100,"",1348505454154
deactivated,workbench,org.eclipse.ui.workbench,3.7.0.I20110519-0100,"",1348505456080
deactivated,workbench,org.eclipse.ui.workbench,3.7.0.I20110519-0100,"",1348512601508
deactivated,workbench,org.eclipse.ui.workbench,3.7.0.I20110519-0100,"",1348538401640
activated,workbench,org.eclipse.ui.workbench,3.7.0.I20110519-0100,"",1348630466217
deactivated,workbench,org.eclipse.ui.workbench,3.7.0.I20110519-0100,"",1348630466803
activated,workbench,org.eclipse.ui.workbench,3.7.0.I20110519-0100,"",1348632504211
deactivated,workbench,org.eclipse.ui.workbench,3.7.0.I20110519-0100,"",1348632504253
activated,workbench,org.eclipse.ui.workbench,3.7.0.I20110519-0100,"",1348632505946
closed,workbench,org.eclipse.ui.workbench,3.7.0.I20110519-0100,"",1348632506134
stopped,bundle,org.eclipse.m2e.logback.configuration,1.0.100.20110804-1717,"org.eclipse.m2e.logback.configuration",1348632507149
stopped,bundle,org.eclipse.m2e.discovery,1.0.100.20110804-1717,"org.eclipse.m2e.discovery",1348632507149
stopped,bundle,org.eclipse.m2e.refactoring,1.0.100.20110804-1717,"org.eclipse.m2e.refactoring",1348632507149
stopped,bundle,org.eclipse.m2e.editor,1.0.100.20110804-1717,"org.eclipse.m2e.editor",1348632507149
stopped,bundle,org.eclipse.m2e.editor.xml,1.0.100.20110804-1717,"org.eclipse.m2e.editor.xml",1348632507149
stopped,bundle,org.eclipse.m2e.jdt,1.0.100.20110804-1717,"org.eclipse.m2e.jdt",1348632507149
stopped,bundle,org.eclipse.m2e.launching,1.0.100.20110804-1717,"org.eclipse.m2e.launching",1348632507150
stopped,bundle,org.eclipse.m2e.usagedata,1.0.100.20110804-1717,"org.eclipse.m2e.usagedata",1348632507150
stopped,bundle,overlay.com.android.ide.eclipse.adt.overlay,16.0.1.v201112150204-238534,"overlay.com.android.ide.eclipse.adt.overlay",1348632507150
stopped,bundle,com.android.ide.eclipse.adt,16.0.1.v201112150204-238534,"com.android.ide.eclipse.adt",1348632507150
stopped,bundle,org.eclipse.ui.cheatsheets,3.4.100.v20110425,"org.eclipse.ui.cheatsheets",1348632507150
stopped,bundle,org.eclipse.help.ui,3.5.101.r37_20110819,"org.eclipse.help.ui",1348632507150
stopped,bundle,org.eclipse.help.webapp,3.6.0.v20110518,"org.eclipse.help.webapp",1348632507150
stopped,bundle,org.eclipse.epp.mpc.ui,1.1.1.I20110907-0947,"org.eclipse.epp.mpc.ui",1348632507150
stopped,bundle,org.eclipse.epp.usagedata.ui,1.3.1.R201106061540,"org.eclipse.epp.usagedata.ui",1348632507150
stopped,bundle,org.eclipse.ui.intro.universal,3.2.500.v20110510,"org.eclipse.ui.intro.universal",1348632507150
stopped,bundle,org.eclipse.ui.intro,3.4.100.v20110425,"org.eclipse.ui.intro",1348632507150
stopped,bundle,org.eclipse.help.base,3.6.1.v201109091335,"org.eclipse.help.base",1348632507150
stopped,bundle,org.eclipse.equinox.http.jetty,2.0.100.v20110502,"org.eclipse.equinox.http.jetty",1348632507191
stopped,bundle,org.eclipse.m2e.core.ui,1.0.100.20110804-1717,"org.eclipse.m2e.core.ui",1348632507191
stopped,bundle,org.eclipse.m2e.core,1.0.100.20110804-1717,"org.eclipse.m2e.core",1348632507897
stopped,bundle,org.eclipse.mylyn.ide.ant,3.7.1.v20120425-0100,"org.eclipse.mylyn.ide.ant",1348632507897
stopped,bundle,org.eclipse.ant.ui,3.5.100.v20110510,"org.eclipse.ant.ui",1348632507897
stopped,bundle,org.eclipse.ant.launching,1.0.100.v20110506,"org.eclipse.ant.launching",1348632507897
stopped,bundle,org.eclipse.compare.win32,1.0.200.I20110510-0800,"org.eclipse.compare.win32",1348632507898
stopped,bundle,org.eclipse.equinox.p2.ui.sdk,1.0.200.v20110502-1955,"org.eclipse.equinox.p2.ui.sdk",1348632507898
stopped,bundle,org.eclipse.mylyn.java.tasks,3.7.1.v20120425-0100,"org.eclipse.mylyn.java.tasks",1348632507898
stopped,bundle,org.eclipse.mylyn.java.ui,3.7.1.v20120425-0100,"org.eclipse.mylyn.java.ui",1348632507898
stopped,bundle,org.eclipse.jdt.junit,3.7.0.v20110505-0800,"org.eclipse.jdt.junit",1348632507898
stopped,bundle,org.eclipse.jdt.apt.ui,3.3.300.v20110305-1450,"org.eclipse.jdt.apt.ui",1348632507898
stopped,bundle,org.eclipse.jdt.debug.ui,3.6.1.v20110803_r371,"org.eclipse.jdt.debug.ui",1348632507899
stopped,bundle,org.eclipse.wb.swing.databinding,1.1.0.r37x201109091143,"org.eclipse.wb.swing.databinding",1348632507899
stopped,bundle,org.eclipse.wb.core.databinding,1.1.0.r37x201109091012,"org.eclipse.wb.core.databinding",1348632507899
stopped,bundle,org.eclipse.wb.swing.FormLayout,1.1.0.r37x201109091143,"org.eclipse.wb.swing.FormLayout",1348632507899
stopped,bundle,org.eclipse.wb.swing.MigLayout,1.1.0.r37x201109091143,"org.eclipse.wb.swing.MigLayout",1348632507900
stopped,bundle,org.eclipse.wb.swing.java6,1.1.0.r37x201109091143,"org.eclipse.wb.swing.java6",1348632507900
stopped,bundle,org.eclipse.wb.swing.jsr296,1.1.0.r37x201109091143,"org.eclipse.wb.swing.jsr296",1348632507900
stopped,bundle,org.eclipse.wb.swing,1.1.0.r37x201109091143,"org.eclipse.wb.swing",1348632507900
stopped,bundle,org.eclipse.wb.core.ui,1.1.0.r37x201109091028,"org.eclipse.wb.core.ui",1348632507900
stopped,bundle,org.eclipse.wb.layout.group,1.1.0.r37x201109091112,"org.eclipse.wb.layout.group",1348632507900
stopped,bundle,org.eclipse.wb.os.win32,1.1.0.r37x201109091012,"org.eclipse.wb.os.win32",1348632507900
stopped,bundle,org.eclipse.wb.core,1.1.0.r37x201109091012,"org.eclipse.wb.core",1348632507901
stopped,bundle,com.android.ide.eclipse.traceview,16.0.1.v201112150204-238534,"com.android.ide.eclipse.traceview",1348632507901
stopped,bundle,org.eclipse.jdt.ui,3.7.1.r371_v20110824-0800,"org.eclipse.jdt.ui",1348632507947
stopped,bundle,org.eclipse.wst.dtd.ui,1.0.600.v201103171359,"org.eclipse.wst.dtd.ui",1348632507947
stopped,bundle,org.eclipse.wst.xsd.ui,1.2.404.v201105050216,"org.eclipse.wst.xsd.ui",1348632507948
stopped,bundle,org.eclipse.wst.xml.ui,1.1.201.v201108151912,"org.eclipse.wst.xml.ui",1348632507948
stopped,bundle,org.eclipse.wst.common.ui,1.1.500.v200911190730,"org.eclipse.wst.common.ui",1348632507948
stopped,bundle,org.eclipse.wst.sse.ui,1.3.1.v201108191312,"org.eclipse.wst.sse.ui",1348632507949
stopped,bundle,org.eclipse.egit.mylyn.ui,1.3.0.201202151440-r,"org.eclipse.egit.mylyn.ui",1348632507949
stopped,bundle,org.eclipse.mylyn.github.ui,1.3.0.201202151440-r,"org.eclipse.mylyn.github.ui",1348632507951
stopped,bundle,org.eclipse.egit.ui,1.3.0.201202151440-r,"org.eclipse.egit.ui",1348632507953
stopped,bundle,org.eclipse.search,3.7.0.v20110505-0800,"org.eclipse.search",1348632508023
stopped,bundle,org.eclipse.mylyn.commons.team,0.9.1.v20120412-0100,"org.eclipse.mylyn.commons.team",1348632508093
stopped,bundle,org.eclipse.mylyn.team.ui,3.7.1.v20120425-0100,"org.eclipse.mylyn.team.ui",1348632508093
stopped,bundle,org.eclipse.ui.navigator.resources,3.4.300.I20110421-1800,"org.eclipse.ui.navigator.resources",1348632508094
stopped,bundle,org.eclipse.ltk.ui.refactoring,3.6.0.v20110505-0800,"org.eclipse.ltk.ui.refactoring",1348632508094
stopped,bundle,org.eclipse.team.cvs.ui,3.3.400.I20110510-0800,"org.eclipse.team.cvs.ui",1348632508094
stopped,bundle,org.eclipse.team.ui,3.6.100.I20110525-0800,"org.eclipse.team.ui",1348632508094
stopped,bundle,org.eclipse.egit.core,1.3.0.201202151440-r,"org.eclipse.egit.core",1348632508094
stopped,bundle,org.eclipse.mylyn.bugzilla.ui,3.7.1.v20120425-0100,"org.eclipse.mylyn.bugzilla.ui",1348632508094
stopped,bundle,org.eclipse.mylyn.ide.ui,3.7.1.v20120425-0100,"org.eclipse.mylyn.ide.ui",1348632508094
stopped,bundle,org.eclipse.mylyn.resources.ui,3.7.1.v20120425-0100,"org.eclipse.mylyn.resources.ui",1348632508094
stopped,bundle,org.eclipse.mylyn.context.tasks.ui,3.7.1.v20120425-0100,"org.eclipse.mylyn.context.tasks.ui",1348632508095
stopped,bundle,org.eclipse.mylyn.help.ui,3.7.1.v20120425-0100,"org.eclipse.mylyn.help.ui",1348632508095
stopped,bundle,org.eclipse.mylyn.tasks.bugs,3.7.1.v20120425-0100,"org.eclipse.mylyn.tasks.bugs",1348632508095
stopped,bundle,org.eclipse.mylyn.wikitext.tasks.ui,1.6.1.v20120425-0100,"org.eclipse.mylyn.wikitext.tasks.ui",1348632508095
stopped,bundle,org.eclipse.mylyn.tasks.ui,3.7.1.v20120425-0100,"org.eclipse.mylyn.tasks.ui",1348632508095
stopped,bundle,org.eclipse.compare,3.5.201.R37x_v20110817-0800,"org.eclipse.compare",1348632508095
stopped,bundle,org.eclipse.ui.externaltools,3.2.0.v20110506,"org.eclipse.ui.externaltools",1348632508096
stopped,bundle,org.eclipse.debug.ui,3.7.101.v20110817_r371,"org.eclipse.debug.ui",1348632508139
stopped,bundle,com.android.ide.eclipse.hierarchyviewer,16.0.1.v201112150204-238534,"com.android.ide.eclipse.hierarchyviewer",1348632508139
stopped,bundle,com.android.ide.eclipse.ddms,16.0.1.v201112150204-238534,"com.android.ide.eclipse.ddms",1348632508153
stopped,bundle,org.eclipse.ui.console,3.5.100.v20110511,"org.eclipse.ui.console",1348632508153
activated,perspective,org.eclipse.jdt.ui,,"org.eclipse.jdt.ui.JavaPerspective",1348675195582
started,bundle,org.eclipse.osgi,3.7.1.R37x_v20110808-1106,"org.eclipse.osgi",1348675195586
started,bundle,org.eclipse.equinox.simpleconfigurator,1.0.200.v20110502-1955,"org.eclipse.equinox.simpleconfigurator",1348675195589
started,bundle,com.ibm.icu,4.4.2.v20110208,"com.ibm.icu",1348675195636
started,bundle,org.eclipse.compare.core,3.5.200.I20110208-0800,"org.eclipse.compare.core",1348675195638
started,bundle,org.eclipse.core.contenttype,3.4.100.v20110423-0524,"org.eclipse.core.contenttype",1348675195640
started,bundle,org.eclipse.core.databinding.observable,1.4.0.I20110222-0800,"org.eclipse.core.databinding.observable",1348675195643
started,bundle,org.eclipse.core.expressions,3.4.300.v20110228,"org.eclipse.core.expressions",1348675195645
started,bundle,org.eclipse.core.filebuffers,3.5.200.v20110505-0800,"org.eclipse.core.filebuffers",1348675195648
started,bundle,org.eclipse.core.filesystem,1.3.100.v20110423-0524,"org.eclipse.core.filesystem",1348675195651
started,bundle,org.eclipse.core.jobs,3.5.100.v20110404,"org.eclipse.core.jobs",1348675195679
started,bundle,org.eclipse.core.net,1.2.100.I20110511-0800,"org.eclipse.core.net",1348675195680
started,bundle,org.eclipse.core.resources,3.7.100.v20110510-0712,"org.eclipse.core.resources",1348675195681
started,bundle,org.eclipse.core.runtime,3.7.0.v20110110,"org.eclipse.core.runtime",1348675195682
started,bundle,org.eclipse.core.runtime.compatibility,3.2.100.v20100505,"org.eclipse.core.runtime.compatibility",1348675195683
started,bundle,org.eclipse.core.runtime.compatibility.auth,3.2.200.v20110110,"org.eclipse.core.runtime.compatibility.auth",1348675195684
started,bundle,org.eclipse.debug.core,3.7.0.v20110518,"org.eclipse.debug.core",1348675195685
started,bundle,org.eclipse.epp.mpc.ui,1.1.1.I20110907-0947,"org.eclipse.epp.mpc.ui",1348675195686
started,bundle,org.eclipse.epp.usagedata.gathering,1.3.1.R201106061540,"org.eclipse.epp.usagedata.gathering",1348675195686
started,bundle,org.eclipse.epp.usagedata.recording,1.3.1.R201106061540,"org.eclipse.epp.usagedata.recording",1348675195687
started,bundle,org.eclipse.equinox.app,1.3.100.v20110321,"org.eclipse.equinox.app",1348675195687
started,bundle,org.eclipse.equinox.common,3.6.0.v20110523,"org.eclipse.equinox.common",1348675195688
started,bundle,org.eclipse.equinox.ds,1.3.1.R37x_v20110701,"org.eclipse.equinox.ds",1348675195689
started,bundle,org.eclipse.equinox.event,1.2.100.v20110502,"org.eclipse.equinox.event",1348675195690
started,bundle,org.eclipse.equinox.p2.core,2.1.0.v20110502-1955,"org.eclipse.equinox.p2.core",1348675195691
